{
  "name": "ngmap",
  "version": "1.17.3",
  "main": "./build/scripts/ng-map.js",
  "homepage": "https://github.com/allenhwkim/angularjs-google-maps",
  "authors": [
    "Allen Kim <allenhwkim@gmail.com>"
  ],
  "description": "The Simplest AngularJs Google Maps V3 Directive Module",
  "keywords": [
    "angularjs",
    "angularjs-directive",
    "google-maps"
  ],
  "license": "MIT",
  "_release": "1.17.3",
  "_resolution": {
    "type": "version",
    "tag": "v1.17.3",
    "commit": "f01e76af7f3fdb12343046bf36fea6df6d105c6d"
  },
  "_source": "https://github.com/allenhwkim/angularjs-google-maps.git",
  "_target": "^1.17.3",
  "_originalSource": "ngmap",
  "_direct": true
}