{
  "products":[
    {
      "id": 1,
      "picture": "./img/sample-images/travel/Travel1-64.47.png",
      "icon": "./img/sample-images/travel/TravelIcon1.png",
      "name": "Tristán Narvaja ",
      "category": "Flea Market",
      "description": "Every Sunday from early morning until three in the afternoon enjoy the biggest market in Montevideo.",
      "rating": 4.8,
      "address": "Cordón, Montevideo, Uruguay.",
      "reviews": [
        {
          "comment": "Suspendisse accumsan tortor quis turpis. Sed ante. Vivamus tortor. Duis mattis egestas metus. Aenean fermentum. Donec ut mauris eget massa tempor convallis."
        }
      ]
    }, {
      "id": 2,
      "picture": "./img/sample-images/travel/Travel2-64.47.png",
      "icon": "./img/sample-images/travel/TravelIcon2.png",
      "name": "Rambla Montevideo",
      "category": "Seaside Avenue",
      "description": "22 kilometers long avenue along the coast of Rio de la Plata stretching throughout all of Montevideo.",
      "rating": 4.7,
      "address": "Montevideo, Uruguay",
      "reviews": [
        {
          "comment": "Aliquam non mauris. Morbi non lectus. Aliquam sit amet diam in magna bibendum imperdiet. Nullam orci pede, venenatis non, sodales sed, tincidunt eu, felis. Fusce posuere felis sed lacus. Morbi sem mauris, laoreet ut, rhoncus aliquet, pulvinar sed, nisl. Nunc rhoncus dui vel sem. Sed sagittis."
        }
      ]
    }, {
      "id": 3,
      "picture": "./img/sample-images/travel/Travel3-64.47.png",
      "icon": "./img/sample-images/travel/TravelIcon3.png",
      "name": "Legislative Palace Bistro",
      "category": "Restaurant",
      "description": "It's warm and relaxed atmosphere, making it a favorite haunt for tourists, businessmen and cultural figures.",
      "rating": 3.5,
      "address": "Aguada, Montevideo, Uruguay",
      "reviews": [
        {
          "comment": "Maecenas rhoncus aliquam lacus. Morbi quis tortor id nulla ultrices aliquet. Maecenas leo odio, condimentum id, luctus nec, molestie sed, justo. Pellentesque viverra pede ac diam."
        },
        {
          "comment": "Nulla justo. Aliquam quis turpis eget elit sodales scelerisque. Mauris sit amet eros. Suspendisse accumsan tortor quis turpis. Sed ante. Vivamus tortor. Duis mattis egestas metus. Aenean fermentum. Donec ut mauris eget massa tempor convallis."
        },
        {
          "comment": "Nullam varius. Nulla facilisi. Cras non velit nec nisi vulputate nonummy. Maecenas tincidunt lacus at velit. Vivamus vel nulla eget eros elementum pellentesque."
        },
        {
          "comment": "Nullam porttitor lacus at turpis. Donec posuere metus vitae ipsum. Aliquam non mauris. Morbi non lectus. Aliquam sit amet diam in magna bibendum imperdiet. Nullam orci pede, venenatis non, sodales sed, tincidunt eu, felis. Fusce posuere felis sed lacus. Morbi sem mauris, laoreet ut, rhoncus aliquet, pulvinar sed, nisl."
        },
        {
          "comment": "Sed sagittis. Nam congue, risus semper porta volutpat, quam pede lobortis ligula, sit amet eleifend pede libero quis orci."
        }
      ]
    }, {
      "id": 4,
      "picture": "./img/sample-images/travel/Travel4-64.47.png",
      "icon": "./img/sample-images/travel/TravelIcon4.png",
      "name": "Colonia",
      "category": "Historic Pier",
      "description": "Cobbled and irregular streets straight from history, and a unique landscape with spectacular view of the river.",
      "rating": 3.1,
      "address": "Barrio Sur, Colonia, Uruguay",
      "reviews": [
        {
          "comment": "Nam dui. Proin leo odio, porttitor id, consequat in, consequat ut, nulla. Sed accumsan felis. Ut at dolor quis odio consequat varius. Integer ac leo. Pellentesque ultrices mattis odio. Donec vitae nisi. Nam ultrices, libero non mattis pulvinar, nulla pede ullamcorper augue, a suscipit nulla elit ac nulla. Sed vel enim sit amet nunc viverra dapibus. Nulla suscipit ligula in lacus."
        },
        {
          "comment": "Aenean sit amet justo. Morbi ut odio. Cras mi pede, malesuada in, imperdiet et, commodo vulputate, justo. In blandit ultrices enim. Lorem ipsum dolor sit amet, consectetuer adipiscing elit. Proin interdum mauris non ligula pellentesque ultrices. Phasellus id sapien in sapien iaculis congue."
        },
        {
          "comment": "Donec posuere metus vitae ipsum. Aliquam non mauris. Morbi non lectus."
        },
        {
          "comment": "Mauris lacinia sapien quis libero. Nullam sit amet turpis elementum ligula vehicula consequat. Morbi a ipsum. Integer a nibh. In quis justo."
        },
        {
          "comment": "Vestibulum ante ipsum primis in faucibus orci luctus et ultrices posuere cubilia Curae; Donec pharetra, magna vestibulum aliquet ultrices, erat tortor sollicitudin mi, sit amet lobortis sapien sapien non mi. Integer ac neque. Duis bibendum. Morbi non quam nec dui luctus rutrum. Nulla tellus."
        },
        {
          "comment": "Donec quis orci eget orci vehicula condimentum. Curabitur in libero ut massa volutpat convallis. Morbi odio odio, elementum eu, interdum eu, tincidunt in, leo."
        },
        {
          "comment": "Maecenas leo odio, condimentum id, luctus nec, molestie sed, justo."
        }
      ]
    }, {
      "id": 5,
      "picture": "./img/sample-images/travel/Travel5-64.47.png",
      "icon": "./img/sample-images/travel/TravelIcon5.png",
      "name": "Casapueblo",
      "category": "Art Gallery",
      "description": "Casapueblo is the former summer home of Uruguayan artist Carlos Paez Vilaró and is now an art gallery, museum and hotel",
      "rating": 3.3,
      "address": "Punta Ballena, Maldonado, Uruguay",
      "reviews": [
        {
          "comment": "Nullam sit amet turpis elementum ligula vehicula consequat. Morbi a ipsum. Integer a nibh. In quis justo. Maecenas rhoncus aliquam lacus. Morbi quis tortor id nulla ultrices aliquet. Maecenas leo odio, condimentum id, luctus nec, molestie sed, justo. Pellentesque viverra pede ac diam."
        },
        {
          "comment": "Maecenas tincidunt lacus at velit. Vivamus vel nulla eget eros elementum pellentesque. Quisque porta volutpat erat. Quisque erat eros, viverra eget, congue eget, semper rutrum, nulla. Nunc purus. Phasellus in felis."
        },
        {
          "comment": "Cras pellentesque volutpat dui. Maecenas tristique, est et tempus semper, est quam pharetra magna, ac consequat metus sapien ut nunc. Vestibulum ante ipsum primis in faucibus orci luctus et ultrices posuere cubilia Curae; Mauris viverra diam vitae quam. Suspendisse potenti. Nullam porttitor lacus at turpis. Donec posuere metus vitae ipsum. Aliquam non mauris. Morbi non lectus. Aliquam sit amet diam in magna bibendum imperdiet."
        },
        {
          "comment": "Curabitur in libero ut massa volutpat convallis."
        },
        {
          "comment": "Duis bibendum. Morbi non quam nec dui luctus rutrum. Nulla tellus. In sagittis dui vel nisl."
        },
        {
          "comment": "Praesent blandit lacinia erat. Vestibulum sed magna at nunc commodo placerat. Praesent blandit. Nam nulla. Integer pede justo, lacinia eget, tincidunt eget, tempus vel, pede. Morbi porttitor lorem id ligula. Suspendisse ornare consequat lectus. In est risus, auctor sed, tristique in, tempus sit amet, sem. Fusce consequat. Nulla nisl."
        }
      ]
    }
  ]
}
